<?xml version="1.0" encoding="UTF-8"?>
<project-private xmlns="http://www.netbeans.org/ns/project-private/1">
    <editor-bookmarks xmlns="http://www.netbeans.org/ns/editor-bookmarks/2" lastBookmarkId="0"/>
    <open-files xmlns="http://www.netbeans.org/ns/projectui-open-files/2">
        <group>
            <file>file:/C:/Users/mayur/OneDrive/Pictures/Documents/NetBeansProjects/Blood-Bank-And-Donation-Management-System/Blood_Donation_System/src/blood_donation_system/Purchaser_reg.java</file>
            <file>file:/C:/Users/mayur/OneDrive/Pictures/Documents/NetBeansProjects/Blood-Bank-And-Donation-Management-System/Blood_Donation_System/src/blood_donation_system/Purchase_History.java</file>
            <file>file:/C:/Users/mayur/OneDrive/Pictures/Documents/NetBeansProjects/Blood-Bank-And-Donation-Management-System/Blood_Donation_System/src/blood_donation_system/Donor_account.java</file>
            <file>file:/C:/Users/mayur/OneDrive/Pictures/Documents/NetBeansProjects/Blood-Bank-And-Donation-Management-System/Blood_Donation_System/src/blood_donation_system/Donor_reg.java</file>
            <file>file:/C:/Users/mayur/OneDrive/Pictures/Documents/NetBeansProjects/Blood-Bank-And-Donation-Management-System/Blood_Donation_System/src/blood_donation_system/Donor_history.java</file>
            <file>file:/C:/Users/mayur/OneDrive/Pictures/Documents/NetBeansProjects/Blood-Bank-And-Donation-Management-System/Blood_Donation_System/src/blood_donation_system/Available_packets.java</file>
            <file>file:/C:/Users/mayur/OneDrive/Pictures/Documents/NetBeansProjects/Blood-Bank-And-Donation-Management-System/Blood_Donation_System/src/blood_donation_system/search_donor.java</file>
            <file>file:/C:/Users/mayur/OneDrive/Pictures/Documents/NetBeansProjects/Blood-Bank-And-Donation-Management-System/Blood_Donation_System/src/blood_donation_system/blood.png</file>
            <file>file:/C:/Users/mayur/OneDrive/Pictures/Documents/NetBeansProjects/Blood-Bank-And-Donation-Management-System/Blood_Donation_System/src/blood_donation_system/start_page.java</file>
            <file>file:/C:/Users/mayur/OneDrive/Pictures/Documents/NetBeansProjects/Blood-Bank-And-Donation-Management-System/Blood_Donation_System/src/blood_donation_system/donation.jpg</file>
            <file>file:/C:/Users/mayur/OneDrive/Pictures/Documents/NetBeansProjects/Blood-Bank-And-Donation-Management-System/Blood_Donation_System/src/blood_donation_system/img2.png</file>
            <file>file:/C:/Users/mayur/OneDrive/Pictures/Documents/NetBeansProjects/Blood-Bank-And-Donation-Management-System/Blood_Donation_System/src/blood_donation_system/jTable.java</file>
            <file>file:/C:/Users/mayur/OneDrive/Pictures/Documents/NetBeansProjects/Blood-Bank-And-Donation-Management-System/Blood_Donation_System/src/blood_donation_system/jTextField1.java</file>
            <file>file:/C:/Users/mayur/OneDrive/Pictures/Documents/NetBeansProjects/Blood-Bank-And-Donation-Management-System/Blood_Donation_System/src/blood_donation_system/Purchaser_account.java</file>
            <file>file:/C:/Users/mayur/OneDrive/Pictures/Documents/NetBeansProjects/Blood-Bank-And-Donation-Management-System/Blood_Donation_System/src/blood_donation_system/Blood_Donation_System.java</file>
        </group>
    </open-files>
</project-private>
